"A 상품군별(1)","A 상품군별(2)",B 판매매체별(1),M201701 2017.01,M201702 2017.02,M201703 2017.03,M201704 2017.04,M201705 2017.05,M201706 2017.06,M201707 2017.07,M201708 2017.08,M201709 2017.09,M201710 2017.10,M201711 2017.11,M201712 2017.12,M201801 2018.01,M201802 2018.02,M201803 2018.03,M201804 2018.04,M201805 2018.05,M201806 2018.06,M201807 2018.07,M201808 2018.08,M201809 2018.09,M201810 2018.10,M201811 2018.11,M201812 2018.12,M201901 2019.01,M201902 2019.02,M201903 2019.03,M201904 2019.04,M201905 2019.05,M201906 2019.06,M201907 2019.07,M201908 2019.08,M201909 2019.09,M201910 2019.10,M201911 2019.11,M201912 2019.12,M202001 2020.01,M202002 2020.02,M202003 2020.03,M202004 2020.04,M202005 2020.05,M202006 2020.06,M202007 2020.07,M202008 2020.08,M202009 2020.09,M202010 2020.10,M202011 2020.11,M202012 2020.12,M202101 2021.01,M202102 2021.02,M202103 2021.03,M202104 2021.04,M202105 2021.05,M202106 2021.06,M202107 2021.07,M202108 2021.08,M202109 2021.09,M202110 2021.10,M202111 2021.11,M202112 2021.12,M202201 2022.01,M202202 2022.02,M202203 2022.03,M202204 2022.04,M202205 2022.05,M202206 2022.06,M202207 2022.07,M202208 2022.08,M202209 2022.09,M202210 2022.10,M202211 2022.11,M202212 2022.12,M202301 2023.01,M202302 2023.02,M202303 2023.03,M202304 2023.04,M202305 2023.05,M202306 2023.06,M202307 2023.07,M202308 2023.08,M202309 2023.09,M202310 2023.10,M202311 2023.11,M202312 2023.12,M202401 2024.01,M202402 2024.02,M202403 2024.03,M202404 2024.04,M202405 2024.05,M202406 2024.06,M202407 2024.07,M202408 2024.08,M202409 2024.09,M202410 2024.10,M202411 2024.11,M202412 2024.12,M202501 M202501 2025.01 p),M202502 M202502 2025.02 p)
"000 합계","소계",00 계,7310479,7148849,7747011,7380795,7621719,7515130,7898554,7859658,8151143,7661802,8996978,8893647,9027008,8207296,9375766,9034274,9363224,8965075,9653420,9270381,9137279,10016442,10574144,10689701,10811796,9666871,11296239,10763785,11374817,10725166,11302975,11418155,11397646,12008033,12991605,12843750,12098574,11884677,12439142,11913275,12552441,12508478,12845894,13415501,13818699,13856877,14978279,15972133,15115721,13834738,15923334,15075852,16030296,15596928,16167481,15802435,16187427,16975318,17580881,18433554,17364292,16243622,18138757,17323878,18169890,17571330,17874141,18556914,17815288,18532281,19011685,19573059,19050522,18029539,19747910,18966615,20496845,19698816,20129573,20359124,20308940,21360691,22195351,21862854,21581836,20346510,21839511,21150572,22290012,21518639,21462186,21087481,20996376,21658446,22630651,22869664,21908779,21061625
"000 합계","소계",20 인터넷쇼핑,3390183,3298823,3585449,3304819,3359693,3341138,3404599,3395357,3585077,3247093,3781198,3582993,3689807,3300302,3869098,3628814,3686046,3507124,3709400,3499822,3524171,3773503,3986055,3934853,3994468,3465165,4207216,4047525,4192050,3835061,4065650,4075273,4106183,4255196,4532075,4461119,3817529,3681611,3944168,3858165,3862018,4034712,4023902,4021483,4220154,4175701,4637678,4619202,4154948,3755863,4584525,4117439,4400375,4452474,4218060,4068287,4221087,4321111,4674470,4546316,4094776,3715625,4469340,4262803,4525484,4400997,4172297,4582650,4429417,4627518,4871573,4926269,4515207,4466080,5029431,4733596,5054452,5104767,4849356,5024017,5341949,5398342,5658916,5164956,5265946,4810544,5388171,5092318,5421479,5237814,4953005,4700269,4725093,4929154,5397945,5170676,4628736,4930844
"000 합계","소계",10 모바일쇼핑,3920295,3850025,4161562,4075976,4262026,4173992,4493955,4464301,4566066,4414710,5215779,5310654,5337201,4906994,5506668,5405460,5677178,5457951,5944021,5770559,5613108,6242938,6588089,6754848,6817328,6201706,7089023,6716261,7182767,6890105,7237325,7342882,7291464,7752837,8459530,8382632,8281045,8203066,8494974,8055111,8690424,8473766,8821992,9394018,9598544,9681175,10340600,11352931,10960772,10078875,11338809,10958413,11629921,11144454,11949421,11734148,11966340,12654207,12906412,13887238,13269516,12527997,13669417,13061074,13644406,13170333,13701844,13974265,13385871,13904764,14140112,14646791,14535316,13563459,14718479,14233019,15442393,14594049,15280216,15335108,14966991,15962349,16536436,16697898,16315891,15535965,16451339,16058254,16868533,16280825,16509182,16387212,16271283,16729292,17232706,17698988,17280043,16130781
"001 컴퓨터 및 주변기기","소계",00 계,422384,475342,473351,368280,350923,376719,380974,416393,399512,353524,460739,475478,511674,453408,504061,409054,404235,371844,404250,418905,382179,419744,468166,501362,561512,542469,532496,469169,440108,389195,443122,447965,435676,445118,528007,554877,606270,674827,759258,719961,614228,584489,627477,655302,711784,615848,736314,915378,886377,849681,871089,732751,728700,663578,751062,774229,736291,729530,832499,961286,857109,943650,895682,717002,734353,638140,699112,726006,684799,671761,800983,762779,785114,890982,865812,677035,710408,638742,675765,677521,646077,638039,759984,742274,898510,855844,844469,696982,701163,680465,635319,596103,583932,578688,739685,699681,752764,850900
"001 컴퓨터 및 주변기기","소계",20 인터넷쇼핑,288391,329143,322089,251604,241871,262908,252949,280831,270647,235350,302907,320177,324233,275786,310948,243815,237559,220404,239475,249200,226280,254118,275284,294467,329496,305306,313340,279362,263783,240539,271299,269744,261053,274936,306368,339917,332810,358997,401374,388215,323924,328080,342726,340705,379361,339603,394626,499998,439730,413960,448924,385886,358402,358087,398976,405435,361370,389970,440303,504938,426178,442616,436962,361297,360368,329328,353768,357832,337087,344168,397312,412450,375141,423478,437403,346698,341423,327989,339051,336671,319041,326641,374888,379723,444934,410399,407632,349025,336993,363514,319730,272648,264436,275886,330702,346507,331595,396009
"001 컴퓨터 및 주변기기","소계",10 모바일쇼핑,133993,146200,151262,116675,109053,113811,128025,135562,128865,118174,157832,155301,187441,177621,193113,165240,166676,151440,164775,169705,155899,165626,192882,206895,232016,237163,219156,189807,176325,148657,171823,178221,174623,170182,221639,214960,273459,315829,357883,331746,290304,256409,284750,314597,332423,276244,341688,415380,446647,435721,422166,346865,370299,305492,352086,368794,374921,339560,392196,456349,430931,501035,458719,355706,373986,308813,345344,368174,347713,327593,403671,350329,409973,467504,428409,330337,368985,310753,336714,340850,327036,311398,385096,362551,453576,445445,436837,347957,364170,316951,315589,323455,319496,302802,408983,353174,421169,454892
"002 가전·전자·통신기기","소계",00 계,602122,626874,667726,716708,861618,752474,926867,758482,706658,728407,948510,815267,858256,770401,946627,945259,1026133,963674,1188194,960593,792407,989521,1182355,1043945,1063081,982059,1324884,1134227,1296165,1177804,1230419,1198465,1096363,1200192,1357353,1213392,1063030,1250751,1298534,1246750,1516238,1459321,1319735,1536013,1311734,1535090,1824791,1716654,1747595,1494087,1665078,1523437,1694043,1635537,1914546,1665114,1570949,2024371,1999871,1759395,1647118,1802121,1661714,1554476,1716531,1683784,1774119,1791461,1619684,2074121,1862379,1748026,1683565,1770532,1600477,1529550,1835429,1757522,1855658,1896131,1537432,2224553,2186638,1819186,1981687,1761285,1703341,1743319,1863954,1900255,2066736,1743424,1944164,1865169,2007139,1762377,1718577,2013434
"002 가전·전자·통신기기","소계",20 인터넷쇼핑,307496,328088,349185,366894,417717,366554,432760,359011,343507,333413,462529,387969,398999,351716,435766,420663,447810,424143,511557,424778,340868,429553,517411,470859,451529,403124,568865,523731,577082,488946,522133,511230,462355,525905,568012,518944,400922,494994,518520,507840,588332,553380,502863,548239,462687,547418,663471,611410,610054,512864,612790,546939,575594,563485,658089,576436,514785,661197,645257,637081,539706,599163,603523,556310,579325,548771,567002,587503,459133,653866,587368,572088,507831,552516,502948,480779,559081,539373,554356,585763,460996,669208,635993,511820,577813,483914,473320,517934,555955,541216,569190,440352,495679,501845,524297,439627,389126,499428
"002 가전·전자·통신기기","소계",10 모바일쇼핑,294626,298786,318541,349814,443900,385920,494107,399471,363151,394994,485981,427298,459257,418685,510861,524596,578323,539531,676637,535814,451538,559968,664944,573086,611551,578935,756020,610496,719082,688858,708286,687235,634009,674287,789341,694448,662108,755756,780014,738910,927906,905941,816872,987774,849047,987672,1161320,1105244,1137541,981223,1052288,976497,1118449,1072052,1256457,1088677,1056165,1363174,1354614,1122314,1107412,1202958,1058191,998166,1137206,1135013,1207117,1203957,1160551,1420255,1275010,1175938,1175734,1218016,1097528,1048771,1276348,1218149,1301302,1310368,1076436,1555345,1550645,1307366,1403874,1277371,1230021,1225385,1307999,1359039,1497546,1303072,1448485,1363323,1482843,1322750,1329451,1514005
"002 가전·전자·통신기기","0021 가전·전자",00 계,-,-,-,-,-,-,-,-,-,-,-,-,-,-,-,-,-,-,-,-,-,-,-,-,-,-,-,-,-,-,-,-,-,-,-,-,877048,1010114,1075161,1044636,1249831,1253409,1086327,1167355,1015316,1137037,1332687,1287143,1270735,1157483,1233850,1192345,1367817,1304531,1597457,1197748,1138945,1259780,1478880,1307380,1253022,1270414,1247552,1202620,1342253,1331774,1392860,1245593,1080810,1218060,1343715,1273520,1187655,1112200,1137489,1144661,1424129,1407474,1472232,1310784,1159055,1298370,1605455,1344107,1314683,1249955,1264228,1342189,1470056,1519713,1523515,1307901,1205138,1280090,1518639,1304932,1213744,1226678
"002 가전·전자·통신기기","0021 가전·전자",20 인터넷쇼핑,-,-,-,-,-,-,-,-,-,-,-,-,-,-,-,-,-,-,-,-,-,-,-,-,-,-,-,-,-,-,-,-,-,-,-,-,334252,405949,430905,434469,493268,474303,414149,417554,360056,403030,481670,465897,448884,410099,467334,434482,471309,464384,563672,424462,393101,427617,493590,515133,439078,441867,487140,455484,480048,461275,473197,426569,341739,395594,453894,437755,389303,382382,389188,382835,455734,448825,458800,417750,369024,389860,485015,398917,400242,366728,367231,410320,450600,442799,418586,334385,305866,322777,393344,324350,280897,292441
"002 가전·전자·통신기기","0021 가전·전자",10 모바일쇼핑,-,-,-,-,-,-,-,-,-,-,-,-,-,-,-,-,-,-,-,-,-,-,-,-,-,-,-,-,-,-,-,-,-,-,-,-,542796,604164,644256,610167,756563,779106,672178,749801,655260,734007,851017,821246,821851,747384,766516,757862,896508,840147,1033785,773285,745845,832163,985290,792247,813944,828547,760412,747136,862205,870499,919663,819023,739071,822466,889820,835765,798352,729819,748301,761827,968395,958649,1013433,893034,790031,908511,1120440,945190,914441,883227,896997,931870,1019456,1076914,1104930,973516,899272,957312,1125296,980582,932847,934236
"002 가전·전자·통신기기","0022 통신기기",00 계,-,-,-,-,-,-,-,-,-,-,-,-,-,-,-,-,-,-,-,-,-,-,-,-,-,-,-,-,-,-,-,-,-,-,-,-,185982,240637,223373,202114,266407,205912,233408,368658,296418,398053,492104,429511,476860,336604,431228,331092,326226,331006,317089,467366,432004,764591,520991,452015,394096,531707,414162,351856,374278,352010,381259,545868,538874,856061,518664,474506,495910,658331,462987,384888,411300,350048,383425,585347,378377,926182,581184,475079,667005,511330,439113,401129,393898,380542,543220,435523,739026,585079,488500,457445,504833,786756
"002 가전·전자·통신기기","0022 통신기기",20 인터넷쇼핑,-,-,-,-,-,-,-,-,-,-,-,-,-,-,-,-,-,-,-,-,-,-,-,-,-,-,-,-,-,-,-,-,-,-,-,-,66670,89045,87615,73371,95064,79077,88714,130685,102631,144388,181801,145513,161170,102765,145456,112457,104285,99101,94417,151974,121684,233580,151667,121948,100628,157296,116383,100826,99277,87496,93805,160934,117394,258272,133474,134333,118528,170134,113760,97944,103347,90548,95556,168013,91972,279348,150979,112903,177572,117186,106089,107614,105355,98417,150604,105967,189813,179068,130953,115277,108229,206987
"002 가전·전자·통신기기","0022 통신기기",10 모바일쇼핑,-,-,-,-,-,-,-,-,-,-,-,-,-,-,-,-,-,-,-,-,-,-,-,-,-,-,-,-,-,-,-,-,-,-,-,-,119312,151592,135758,128743,171343,126835,144694,237973,193787,253665,310303,283998,315690,233839,285772,218635,221941,231905,222672,315392,310320,531011,369324,330067,293468,374411,297779,251030,275001,264514,287454,384934,421480,597789,385190,340173,377382,488197,349227,286944,307953,259500,287869,417334,286405,646834,430205,362176,489433,394144,333024,293515,288543,282125,392616,329556,549213,406011,357547,342168,396604,579769
"003 서적","소계",00 계,151230,154330,185571,122418,114380,116272,143084,149989,136666,113732,132523,161681,171254,147783,191597,144169,129125,117353,148060,149224,128183,131744,142405,168500,173949,154317,196741,147909,133322,122458,156406,154251,147118,133779,147454,178831,167000,186751,260453,204465,170804,170991,192838,206849,222966,172641,186634,256385,259470,220264,269670,191687,188235,180939,222672,218647,207070,183503,206931,258394,241890,228826,288618,210169,199924,177803,211863,219179,202178,171879,198808,219264,216561,219863,264568,187188,193747,172455,213636,208832,190452,168699,197480,234317,234199,211983,272837,194286,200524,176025,229623,213550,206634,207396,206826,240067,232369,232505
"003 서적","소계",20 인터넷쇼핑,103851,106649,126052,82291,78606,78615,95733,100090,88774,72439,87946,103589,107123,93094,121120,91304,81391,72096,90323,91948,77468,80587,86299,102843,100029,90350,114766,86671,78172,70403,89520,88775,82034,75696,84329,99281,86899,99913,140036,107916,94421,94184,106713,111455,118997,93412,102210,137150,133659,119527,144243,101344,100641,93793,111844,114727,103560,95322,115785,133369,114031,114110,145116,107657,108211,91335,109244,113427,101357,88226,106473,110666,100050,112442,132321,93559,103954,86894,104443,103339,94246,82886,100247,107630,101974,99324,128346,92113,102949,83006,111417,99180,94758,89734,103227,107504,93771,108174
"003 서적","소계",10 모바일쇼핑,47379,47680,59519,40127,35774,37657,47351,49898,47891,41293,44577,58092,64132,54689,70476,52865,47734,45257,57737,57276,50715,51156,56107,65657,73920,63967,81975,61239,55150,52055,66886,65476,65084,58084,63125,79550,80101,86838,120418,96549,76383,76807,86125,95394,103969,79229,84424,119235,125811,100736,125426,90343,87594,87146,110827,103920,103509,88181,91145,125025,127859,114715,143502,102511,91712,86468,102619,105752,100821,83653,92335,108598,116511,107421,132247,93629,89793,85561,109193,105493,96206,85813,97233,126687,132225,112659,144491,102173,97574,93018,118206,114370,111876,117662,103599,132563,138598,124332
"004 사무·문구","소계",00 계,53192,60403,70006,61954,57239,55970,53826,57751,60475,56321,67942,77865,72870,71721,81900,68006,63621,59557,62526,62271,58392,71115,76364,89744,79764,71208,81741,80638,72149,63607,69488,69003,69440,78616,85392,103299,95234,107398,110252,101037,99885,99815,102546,96104,108577,115409,128597,172918,131436,119851,139339,130299,116189,113739,110047,113421,117905,137595,150559,193861,140741,138402,150709,145213,130811,129338,129398,137944,139082,154340,175450,210089,151494,162268,180658,161326,148552,140871,137009,144267,143307,159838,194679,215426,173885,161334,187180,170753,158528,140975,151961,151632,150158,173338,191609,221353,158308,179146
"004 사무·문구","소계",20 인터넷쇼핑,37233,41550,45751,41721,39428,37788,35743,38125,39683,37422,44129,50562,46397,46450,51251,41862,39157,36238,37606,37810,33529,41333,43264,50853,42332,37243,43678,44447,38273,32913,36270,36165,35372,38660,42881,49822,43541,47168,47164,44459,44689,46931,46632,42054,48104,51390,57251,71186,52933,48524,59592,56309,49104,49442,46240,47181,48154,56823,64673,78030,53015,49244,55828,56128,47206,49445,48821,51526,52405,60869,70509,81703,54775,59367,71483,63537,56714,56450,55175,58119,57550,64646,78778,82709,64303,57988,69602,65075,57614,52726,57826,57108,54643,65502,71897,81579,48958,61504
"004 사무·문구","소계",10 모바일쇼핑,15959,18854,24255,20233,17810,18181,18084,19625,20792,18898,23812,27303,26473,25271,30649,26145,24464,23319,24920,24461,24862,29782,33099,38890,37433,33966,38063,36190,33876,30694,33219,32838,34068,39956,42511,53476,51694,60230,63087,56577,55196,52884,55914,54050,60473,64019,71347,101731,78502,71327,79747,73990,67085,64297,63807,66240,69751,80771,85887,115831,87726,89158,94881,89084,83605,79893,80577,86417,86677,93471,104942,128385,96720,102901,109175,97789,91838,84421,81834,86148,85758,95192,115901,132717,109582,103346,117577,105678,100914,88249,94135,94524,95515,107836,119712,139774,109350,117642
"005 의복","소계",00 계,864515,827672,1042742,972647,978235,909742,887371,758225,959679,1034705,1443945,1195890,964236,825152,1163132,1078268,1101406,1017864,992332,828362,1003952,1350908,1482193,1390544,1107321,959743,1238235,1204083,1278281,1133621,1139671,912495,1187128,1413279,1710042,1462342,1055242,986168,1160673,1159378,1289693,1293204,1100533,934468,1181607,1632239,1772274,1532437,1124884,1032236,1494215,1438327,1404875,1416603,1298145,1077244,1365211,1829699,1996617,1895889,1393530,1250015,1671285,1768628,1748502,1639398,1520069,1320197,1611461,2012768,2087792,2053313,1485952,1491451,1955829,1807688,1915142,1733416,1639509,1398210,1606402,2163838,2443089,2068162,1569207,1584784,1897664,1946970,1850264,1793015,1660597,1372080,1496773,2100899,2450946,2272875,1546819,1475319
"005 의복","소계",20 인터넷쇼핑,397422,382105,478990,441022,439084,394173,392273,338973,434408,439236,586462,458290,392385,336102,482845,447945,453370,410733,394750,326889,399362,493284,554222,509666,453476,384783,467275,464610,500106,440260,457448,347920,431788,509999,592593,520303,320897,301806,347668,365979,392840,396757,343047,286795,360967,479629,552723,466430,304546,257536,381946,389865,356514,364538,334011,267773,332776,448603,499606,468695,306188,275368,373144,406268,401602,378385,326926,296679,353887,477303,517977,506958,330315,364030,466353,447451,452574,453946,387038,351828,443080,516694,622701,505054,375065,421460,436258,455970,436519,455499,400909,363433,367912,528347,668987,566077,367871,397760
"005 의복","소계",10 모바일쇼핑,467093,445567,563752,531625,539150,515569,495098,419251,525271,595469,857482,737601,571852,489051,680287,630323,648036,607131,597582,501473,604591,857624,927971,880877,653845,574960,770960,739473,778175,693361,682223,564575,755340,903280,1117449,942040,734345,684362,813004,793399,896853,896447,757485,647673,820640,1152610,1219551,1066008,820338,774700,1112270,1048461,1048361,1052065,964134,809471,1032435,1381096,1497011,1427194,1087342,974648,1298140,1362360,1346900,1261014,1193144,1023518,1257574,1535465,1569815,1546355,1155636,1127422,1489476,1360236,1462568,1279470,1252471,1046382,1163322,1647144,1820388,1563108,1194142,1163324,1461406,1491000,1413745,1337517,1259688,1008647,1128861,1572552,1781959,1706798,1178948,1077560
"006 신발","소계",00 계,103798,118631,153293,151628,160562,156160,140746,118311,140246,140365,175549,154928,131568,124447,169117,169439,172582,164251,157952,125953,139473,164235,188387,179236,159646,156431,206810,204171,217438,211418,205065,162540,201008,212645,251485,231875,182390,189891,227319,235172,271157,278675,244370,198913,218111,260178,312872,271389,206175,224225,314281,284306,317546,322636,273041,235759,254781,301715,340226,341852,263344,254386,327221,340067,369202,338527,306407,295945,297514,328694,377096,374567,278985,308003,371195,344515,374791,337147,333004,270805,276470,362366,381191,331595,252370,302707,325132,335885,360707,313914,315956,272743,273113,308040,391615,341337,229877,288464
"006 신발","소계",20 인터넷쇼핑,42529,44976,55799,54249,55797,54666,48228,40961,49838,47801,61475,52613,45709,40727,56004,55859,57571,55260,51664,38886,46884,50340,57508,54381,57560,53174,75702,78125,84205,84744,77272,59872,78129,82966,97033,97311,54230,59053,70872,84107,83799,91971,82793,61406,71103,79053,109037,83488,64255,70186,97134,92165,106967,115114,88639,84567,75751,84947,109030,103716,85092,74423,98582,100280,124136,96552,83854,105474,85440,87001,122551,106666,96225,111576,115379,113488,115630,97485,105666,85011,79212,119826,107912,79828,71368,110616,93976,98855,112900,79168,82557,92120,76492,77908,115054,75572,57952,99352
"006 신발","소계",10 모바일쇼핑,61269,73655,97495,97379,104765,101494,92518,77350,90408,92565,114073,102315,85859,83720,113113,113580,115010,108990,106288,87067,92588,113895,130879,124855,102086,103257,131109,126046,133233,126674,127793,102668,122879,129679,154452,134564,128160,130839,156447,151065,187358,186704,161577,137508,147008,181125,203835,187901,141920,154038,217147,192141,210579,207522,184402,151193,179030,216769,231196,238136,178252,179964,228639,239787,245066,241975,222553,190471,212074,241693,254545,267902,182760,196427,255816,231026,259162,239662,227338,185794,197258,242540,273278,251767,181002,192090,231156,237030,247807,234745,233399,180623,196621,230132,276562,265765,171925,189112
"007 가방","소계",00 계,143643,163204,168660,159399,152370,149442,151719,163461,165215,157007,169508,180854,186542,178154,194190,185469,190609,176525,192018,180739,176869,184737,180036,201321,202289,211934,230083,218640,225132,210523,209939,222228,228842,235527,232236,245214,173301,168500,148699,135553,153351,157391,169311,161919,158551,164310,166712,158409,155942,173834,203069,193441,192802,181809,190635,192678,206281,226365,226202,231770,228580,227861,243024,227229,232795,228128,220643,237097,232017,220030,235748,222771,242710,253367,280848,258111,262579,238692,252173,254141,243256,232269,229046,240898,240128,246861,259146,236144,238177,209323,226113,210406,213229,212569,207817,216348,200852,210513
"007 가방","소계",20 인터넷쇼핑,43978,53127,54028,47250,45044,43903,44194,47640,48352,44345,49080,51051,51391,48277,50380,49197,48223,45187,50196,45336,41905,44515,43401,47722,50523,49676,53787,55233,55623,48750,54842,52064,54017,54563,55558,57540,49427,47170,44298,43952,44929,42383,49197,45372,44973,44855,49657,45691,41189,46304,55776,52194,51301,49554,52386,50221,51795,56886,54094,57408,53407,52920,57806,56447,59039,59609,52279,56593,55597,54956,65056,61074,71641,80947,92947,80988,81029,78745,76123,76006,74218,68626,74247,74962,76612,78264,80991,75281,74693,64055,71092,62529,63150,65917,62592,67423,59815,66961
"007 가방","소계",10 모바일쇼핑,99665,110077,114633,112149,107327,105539,107525,115821,116864,112662,120428,129802,135151,129877,143810,136272,142386,131338,141822,135402,134965,140222,136635,153599,151766,162258,176296,163407,169509,161773,155097,170164,174824,180964,176678,187674,123875,121330,104401,91601,108422,115008,120113,116548,113579,119455,117055,112718,114752,127529,147292,141248,141501,132256,138249,142457,154486,169479,172108,174362,175174,174941,185217,170782,173755,168519,168364,180504,176420,165074,170692,161697,171069,172420,187902,177123,181550,159947,176050,178135,169038,163643,154798,165936,163516,168597,178155,160862,163485,145268,155021,147878,150079,146652,145225,148926,141037,143552
"008 패션용품 및 액세서리","소계",00 계,143439,146885,165677,165183,168702,162825,170035,178204,170345,161449,189580,206100,195299,178379,210147,196288,198073,189401,209945,194350,169357,182647,192160,220802,191270,185262,211277,213521,233789,215417,231955,212401,212056,206328,216318,242365,228618,215694,222295,202474,228931,234539,246560,220971,207302,213669,237435,285067,241517,222517,266732,268753,283261,268901,281122,261076,260561,286796,304898,373651,317812,292998,301229,297406,323253,315649,318959,307539,292988,293429,324073,414493,316390,293703,330225,318319,342980,317978,335902,324621,295736,302387,342913,392863,320446,289619,340047,341279,355848,332937,357986,311349,307413,326472,343849,409981,321938,352775
"008 패션용품 및 액세서리","소계",20 인터넷쇼핑,56669,58915,63045,59952,61938,61378,63749,67589,63340,57204,66076,69667,67231,60565,71766,64739,66788,64458,70239,67109,57332,58805,60670,69189,57407,57275,66365,73293,76517,66261,70801,65641,65576,63501,63314,69366,60205,58294,60425,57173,64231,64361,68463,57366,55034,54693,63378,71753,58365,53788,65928,65080,67050,64848,67930,61175,59593,68668,69922,83741,67246,59381,61137,62245,67640,64340,63178,65989,61600,73840,76868,91150,74953,70850,83593,79394,82485,78994,80231,76778,75183,69302,78529,85440,70610,64983,75031,76974,79691,70171,75820,66060,64622,70780,72773,86232,63856,73877
"008 패션용품 및 액세서리","소계",10 모바일쇼핑,86770,87970,102632,105230,106764,101447,106286,110615,107005,104244,123504,136433,128067,117814,138381,131549,131286,124943,139706,127241,112025,123842,131490,151613,133863,127988,144911,140228,157272,149156,161154,146760,146480,142827,153004,172999,168413,157400,161870,145300,164699,170177,178097,163605,152268,158977,174057,213314,183152,168729,200804,203673,216211,204053,213192,199902,200968,218128,234976,289910,250566,233617,240092,235161,255613,251309,255782,241550,231388,219589,247205,323343,241436,222853,246633,238925,260495,238984,255671,247842,220553,233085,264384,307424,249836,224636,265016,264305,276156,262767,282166,245288,242791,255692,271075,323749,258082,278898
"009 스포츠·레저용품","소계",00 계,201380,207110,257361,283154,292971,289069,292683,266351,265466,274798,313019,258250,230779,200710,283820,298574,330784,325017,360361,300229,304161,389324,373871,332875,275432,251940,331660,361085,408724,363405,391095,337705,343934,406650,417226,361262,274151,280908,355634,425931,475128,473507,489664,404842,443762,544942,532682,468063,358295,325108,449411,509969,503709,493076,512539,464797,504565,584014,541270,504776,392092,367342,477696,548143,584236,515473,524621,496034,522806,594858,552234,504217,362732,370032,491591,509092,559310,519645,489198,474082,483716,580788,566722,445729,382970,361393,467331,524606,544687,497178,465224,430604,447934,537170,526584,437787,352112,343638
"009 스포츠·레저용품","소계",20 인터넷쇼핑,104489,106163,128706,135380,138288,137585,133912,122467,124327,126699,141177,118429,104533,91209,123291,129065,137411,133562,145252,123519,126162,157246,150248,133187,110120,101920,138742,155688,168489,145672,159170,136062,138503,160646,157915,142094,96056,98994,121914,148167,157202,157255,163855,126290,141973,175550,179696,154353,112062,97819,137008,152182,143349,144128,150412,131717,138450,165433,160537,153219,113382,102563,129675,146358,158580,137258,135158,129702,136262,167426,164837,148145,103586,107604,142309,144601,152446,147203,134959,130238,135550,165712,166528,132417,107681,97248,120060,137957,141722,130361,127824,110890,113928,143550,153516,135970,104251,102955
"009 스포츠·레저용품","소계",10 모바일쇼핑,96891,100947,128655,147775,154683,151484,158771,143884,141138,148099,171843,139821,126246,109501,160529,169509,193374,191456,215110,176711,178000,232078,223624,199688,165312,150020,192918,205397,240235,217734,231926,201643,205431,246005,259311,219167,178095,181914,233720,277764,317926,316252,325810,278553,301788,369391,352986,313710,246233,227289,312403,357786,360360,348949,362127,333080,366115,418581,380733,351557,278711,264779,348021,401785,425657,378215,389463,366332,386544,427432,387397,356073,259146,262428,349282,364491,406864,372442,354239,343844,348166,415076,400194,313312,275289,264144,347270,386649,402965,366817,337400,319714,334006,393620,373069,301818,247861,240683
"010 화장품","소계",00 계,654145,729228,715294,583336,622853,652533,619456,652563,717116,677876,789224,703544,770908,746376,831653,802428,818526,772505,778966,801984,849617,894287,911566,873247,901348,863072,1025719,963721,990437,944962,986542,1039664,1102640,1158245,1210348,1193049,1146509,1065530,1005016,982493,962443,1031949,1070731,1135896,1127110,1081927,1182673,1148286,1147751,966912,1111699,1096267,1199025,1096774,1052667,974706,1061988,1029706,1119776,1019900,926667,908626,1002663,914043,981610,941103,855691,882205,897013,905143,919090,930109,941917,894052,983642,982948,1037157,969113,954107,997859,1005660,1060209,1095027,1057364,1106296,982647,1092583,1066066,1102383,1036612,1006399,1031260,1032517,1049621,1127533,1191040,1151705,1116649
"010 화장품","소계",20 인터넷쇼핑,273399,300678,353850,251566,262428,274418,258757,280375,331282,311318,354520,290554,335960,316879,391775,363671,361374,333163,335961,342475,392815,401459,398730,352694,328732,301601,416273,384095,396828,375254,397100,433334,483892,502379,530197,492965,478871,431677,549437,613725,544433,603221,639734,709524,662349,616397,672859,589316,613312,471420,565467,546303,627130,537069,494430,389978,464003,461829,486791,306741,255987,256221,310786,272809,265303,270083,217278,212737,232194,238800,213720,210926,187114,195407,227060,255442,263103,239349,238316,238598,229689,258918,253188,196893,242686,175362,211168,228543,221242,193721,197805,188828,193578,198251,240175,242679,228935,245443
"010 화장품","소계",10 모바일쇼핑,380746,428550,361445,331769,360424,378115,360699,372187,385834,366559,434703,412990,434948,429497,439877,438758,457152,439341,443006,459509,456801,492829,512836,520553,572616,561471,609446,579626,593608,569708,589441,606331,618749,655866,680151,700083,667638,633853,455580,368768,418010,428728,430998,426372,464762,465530,509814,558970,534439,495492,546232,549965,571895,559705,558236,584729,597985,567877,632985,713159,670680,652404,691877,641235,716306,671020,638413,669468,664819,666343,705370,719183,754803,698644,756582,727506,774054,729763,715791,759262,775971,801291,841839,860470,863610,807285,881415,837523,881141,842891,808594,842432,838939,851370,887359,948361,922770,871206
"011 아동·유아용품","소계",00 계,259790,262204,300200,293596,274565,259069,264579,263530,272277,260541,299591,377236,295195,268618,298883,320420,310798,271934,287390,275805,273741,308862,310073,393574,313678,286419,337553,354227,347942,303935,318267,308960,325269,349396,361415,442747,327048,384914,399680,390843,394902,364106,370888,366351,383837,388526,397184,519588,397306,366290,417464,428652,425263,379458,399376,374984,379942,407279,420119,544895,392839,389246,442063,469053,454589,404665,408449,413402,402005,427120,449916,543411,406097,402035,471514,470032,480882,417011,415760,410168,408474,452961,465758,525247,410049,409401,470344,481393,470094,410163,406341,402403,399333,440839,457886,527741,404569,417571
"011 아동·유아용품","소계",20 인터넷쇼핑,76647,81434,95343,90564,76554,75478,72696,72846,75971,70801,84549,104274,75872,71246,84298,85677,85549,72371,72132,68243,68616,77542,79117,100708,75693,69315,81126,96255,89934,75393,81422,75234,80547,84728,84398,108853,66459,78227,80931,86909,82169,75891,79504,72768,81214,82228,92322,112654,76331,70929,81193,85608,78558,71013,73392,68068,67934,78388,83407,110133,69713,60981,74069,85998,74908,66297,63197,68743,68709,82669,90972,108600,69509,71367,98833,101064,87439,80633,75084,77147,81359,88574,93288,106500,68269,65679,90586,96342,83414,71795,72882,75309,74156,86916,91201,102401,60421,76085
"011 아동·유아용품","소계",10 모바일쇼핑,183143,180770,204856,203032,198011,183591,191882,190684,196306,189740,215042,272962,219323,197372,214584,234743,225249,199563,215258,207562,205124,231320,230956,292866,237986,217104,256428,257972,258008,228542,236846,233726,244722,264669,277017,333894,260589,306687,318749,303934,312732,288216,291385,293583,302623,306298,304863,406934,320975,295361,336271,343044,346705,308446,325984,306917,312007,328891,336712,434761,323126,328266,367994,383055,379681,338368,345252,344659,333297,344451,358944,434810,336588,330668,372681,368968,393444,336378,340675,333022,327115,364387,372469,418747,341779,343722,379758,385051,386679,338369,333460,327094,325177,353923,366685,425340,344148,341486
"012 음·식료품","소계",00 계,675851,573082,641671,652914,633354,641593,638176,692641,827851,608615,701590,709684,846822,814658,826873,810015,849044,811245,866906,905132,1000055,910407,927668,925608,1193353,867434,1027271,1058853,1111609,1040151,1092958,1215522,1233759,1190483,1198157,1217181,1355630,1419357,1548428,1434034,1405946,1357491,1496279,1553827,1895413,1554795,1655339,1879418,1981958,1741479,1840361,1823237,1873785,1788855,1903206,1982391,2080059,1901883,1934971,2062019,2323255,1964165,2278847,2132255,2192917,2098525,2152629,2512599,2252254,2159610,2283751,2310508,2583573,2152851,2461943,2372133,2537864,2438723,2511568,2663304,2778976,2508706,2622946,2594487,2954741,2610697,2813906,2797133,2921783,2718480,2857851,3028730,3045904,2912438,2926718,2938521,3225843,2826353
"012 음·식료품","소계",20 인터넷쇼핑,281528,223285,249069,266606,239172,243369,233432,254664,316807,216216,253308,258055,286550,296445,292272,284398,295067,277793,298775,301451,350883,298644,306595,315251,397250,274273,330978,348841,364339,336297,358010,407028,410214,363472,359235,376396,374501,370239,389152,373593,355963,362597,392174,384112,513649,397875,435169,477547,495902,440637,457032,456317,464656,455613,479811,503976,526388,482799,478960,502045,594975,432862,527640,512501,525944,501526,503729,612065,524875,560689,601190,624911,698147,542580,639833,612736,646110,616276,621435,655649,716039,618571,643283,622843,732566,591975,643350,634754,665365,611937,647145,694373,695772,653711,666166,635898,671936,592257
"012 음·식료품","소계",10 모바일쇼핑,394322,349797,392601,386307,394181,398224,404744,437977,511044,392399,448282,451629,560272,518213,534601,525617,553977,533452,568131,603681,649172,611763,621073,610357,796103,593161,696293,710012,747270,703854,734948,808494,823544,827011,838922,840785,981130,1049118,1159276,1060441,1049983,994894,1104106,1169716,1381764,1156920,1220170,1401871,1486056,1300842,1383329,1366920,1409129,1333242,1423395,1478414,1553671,1419084,1456011,1559974,1728280,1531303,1751207,1619753,1666973,1596998,1648900,1900534,1727379,1598920,1682561,1685596,1885426,1610270,1822110,1759398,1891753,1822448,1890134,2007655,2062937,1890135,1979663,1971645,2222174,2018722,2170557,2162380,2256418,2106543,2210706,2334357,2350132,2258727,2260552,2302623,2553907,2234096
"013 농축수산물","소계",00 계,259029,167546,194150,176139,175762,180848,182683,194090,288964,174780,208744,221852,251910,289778,228800,215400,221735,214272,224230,235082,310020,238060,256669,254558,413272,231118,278404,286290,285288,269840,282677,321530,374542,313056,325846,341186,492472,481068,554202,500913,443880,449916,493493,530773,782980,533924,560558,737017,806650,702649,646141,629164,644274,612349,650408,706447,848002,651166,658584,777554,1033083,665832,819564,741042,735748,707182,715896,892953,834066,735877,764376,833845,1084405,736757,822804,792087,842547,829502,852837,940750,1194276,891747,940129,1016181,1205917,1096244,1040752,998206,1048661,977969,982146,1066052,1220774,1032224,1040264,1120176,1477856,1066715
"013 농축수산물","소계",20 인터넷쇼핑,116799,66964,72315,65812,63704,66113,64551,68512,122538,67310,76101,75792,83591,116806,76413,71138,73233,69204,74924,74292,126449,79931,85916,80784,143447,66686,85583,90963,88609,79003,83075,104335,126828,88826,94042,99393,167765,141197,134303,122577,109372,127419,149236,143637,230277,133262,149928,188939,194477,179807,149084,140637,141927,139790,146884,159061,222442,152114,148841,173067,261257,126714,194883,181503,185270,173729,172612,228230,193060,187868,204945,225357,286965,183405,216022,204677,211888,211415,216427,236687,315390,230086,239771,244257,304676,252856,249967,240136,254287,238580,228502,255714,295898,241714,246029,255844,336525,242042
"013 농축수산물","소계",10 모바일쇼핑,142230,100582,121835,110327,112058,114736,118131,125578,166426,107471,132643,146060,168319,172972,152387,144262,148502,145068,149306,160790,183571,158130,170752,173774,269825,164432,192821,195328,196679,190836,199602,217195,247714,224229,231804,241793,324708,339871,419899,378336,334508,322496,344258,387136,552702,400662,410631,548078,612173,522842,497057,488527,502347,472559,503524,547387,625561,499052,509742,604487,771826,539118,624681,559539,550478,533453,543284,664723,641006,548009,559431,608488,797440,553352,606782,587409,630659,618088,636410,704062,878887,661661,700358,771924,901241,843388,790785,758070,794374,739389,753644,810338,924876,790510,794235,864331,1141331,824673
"014 생활용품","소계",00 계,592310,607119,619493,575323,600558,597243,613589,631622,653743,602048,708613,681900,710430,636039,739338,709864,715962,687897,740180,714937,691804,788705,799848,787821,831769,735651,869192,821882,862291,812251,845351,874832,859634,907585,932759,927285,924081,1133923,1236729,1055996,1137418,1144988,1191519,1256466,1204082,1142728,1180297,1344804,1258550,1118099,1274660,1223896,1269005,1255240,1313795,1290387,1278449,1326992,1336304,1444972,1351648,1333169,1459725,1338222,1380382,1368945,1382460,1456385,1328001,1359010,1421610,1450150,1337417,1282871,1454800,1370973,1495348,1464123,1494673,1504368,1420515,1526699,1597452,1557543,1533094,1437064,1602038,1550454,1624512,1581435,1658711,1620824,1526550,1616934,1626060,1621944,1487803,1511174
"014 생활용품","소계",20 인터넷쇼핑,245410,252296,266119,246729,247892,246264,240315,245562,265245,227897,274287,264710,261059,234324,271316,272221,259687,245069,258839,244105,238866,272434,273645,271350,274481,239248,290887,294143,296296,267664,280599,288626,281795,291248,295220,298547,262702,315128,343598,316505,327283,333066,331810,325816,332078,310590,329747,371859,321382,290631,335114,320261,326245,326374,333481,321971,312739,340251,353966,362958,332363,294805,333853,315631,330176,308798,302454,321522,290023,346987,376006,377567,315650,306101,373468,343523,359276,353908,348409,355272,332875,361609,398668,360673,356885,309463,359570,353152,360963,345787,369941,357126,324756,370030,385929,372432,292094,339213
"014 생활용품","소계",10 모바일쇼핑,346900,354823,353374,328595,352665,350978,373275,386060,388499,374151,434326,417191,449370,401715,468022,437644,456275,442828,481341,470832,452938,516271,526203,516470,557289,496403,578305,527740,565994,544587,564752,586206,577839,616337,637539,628739,661379,818795,893130,739491,810135,811922,859709,930650,872005,832138,850550,972945,937168,827468,939547,903636,942760,928866,980315,968416,965710,986740,982339,1082015,1019285,1038365,1125872,1022591,1050206,1060147,1080006,1134863,1037978,1012023,1045604,1072582,1021766,976770,1081332,1027450,1136072,1110215,1146264,1149096,1087640,1165090,1198784,1196871,1176209,1127601,1242468,1197302,1263549,1235648,1288770,1263697,1201794,1246904,1240131,1249512,1195708,1171961
"015 자동차 및 자동차용품","소계",00 계,80144,76677,81297,80513,87211,88191,94244,92700,86998,80475,89567,85223,77220,65502,83898,82601,84011,81252,91030,84879,78457,88244,98099,94668,96468,79857,106893,97417,106336,98707,97304,112212,169793,106702,159418,115796,119312,153960,196688,129962,141621,268300,169968,186481,194519,156100,214287,193706,144194,161497,358890,193664,407472,533645,184325,308862,357732,224602,380749,286386,250325,240079,429300,282352,387862,461125,286048,450284,536563,255561,376998,303624,251521,260079,388501,299961,334244,542320,314368,358522,602984,442608,589065,422287,327131,330223,707829,397877,592733,696726,471475,504216,410555,400847,546439,418502,272909,449370
"015 자동차 및 자동차용품","소계",20 인터넷쇼핑,34744,33549,37139,35727,38442,39538,41482,39414,36519,32422,39536,37716,31543,26428,36667,32750,32931,32724,35786,33296,30829,34981,42105,38056,35085,29204,43395,39003,43129,39230,38768,50770,94800,42339,92297,49755,69172,104608,140500,67820,71543,197464,93627,121090,122303,86151,122181,104771,68962,95979,284379,108441,319303,446434,100515,228381,264858,108271,230004,131942,123132,126594,299900,147045,237544,314555,138095,338255,401337,113940,215519,156647,109543,118845,233978,141530,168460,377796,153262,195914,447144,279595,392780,243297,159757,171165,526935,217755,400189,513975,290694,326785,230944,213887,351826,264650,130656,280914
"015 자동차 및 자동차용품","소계",10 모바일쇼핑,45400,43128,44158,44786,48770,48653,52762,53285,50478,48053,50031,47508,45677,39074,47231,49851,51080,48528,55245,51583,47628,53262,55994,56612,61383,50653,63498,58413,63207,59477,58536,61443,74993,64363,67121,66041,50140,49352,56188,62142,70078,70836,76341,65391,72216,69949,92106,88935,75232,65518,74510,85223,88169,87211,83810,80481,92873,116331,150745,154444,127192,113485,129400,135308,150319,146570,147953,112029,135226,141620,161479,146978,141978,141234,154523,158432,165784,164524,161106,162608,155840,163013,196285,178989,167374,159058,180894,180122,192544,182751,180782,177431,179611,186960,194613,153852,142253,168456
"016 가구","소계",00 계,188602,219176,240688,206024,201440,203584,211657,226983,227801,223084,242170,220685,251892,241563,277056,260782,254665,243327,247840,244396,242257,296675,295741,280075,284702,273700,309508,288266,289865,274041,266896,279352,291520,324803,329462,323767,305596,375440,435871,398746,397567,392272,379171,406125,443504,446688,443711,487828,473875,434696,497188,442887,434575,429089,425914,427867,420552,451944,453877,479119,443167,471393,478891,421921,428034,417428,406514,433886,404081,430880,434833,423958,414516,448193,474721,420587,441534,427881,439632,448439,414917,466101,488985,466558,496558,490399,525473,479124,467817,452252,449798,443896,423529,482039,491604,464535,450038,509692
"016 가구","소계",20 인터넷쇼핑,83204,96989,102935,88744,83217,84221,85175,90905,91966,85731,96351,88111,92737,89192,102507,95591,91504,89702,88726,86515,83475,102783,103195,98788,96792,89084,104367,99194,103232,93606,93750,93136,92330,100944,105773,104115,93010,116061,130124,122267,120344,117566,115979,117632,127333,128626,131046,143312,128857,115346,136085,121451,116616,121642,117128,115256,107186,119614,124021,128053,116648,117502,119727,111733,112692,104777,103874,109621,99931,112424,116530,117310,103684,113503,126110,110745,113649,113977,112914,116483,106318,116271,126198,119779,122691,114008,127777,120742,108234,104540,108762,102868,94657,113063,117233,112719,96004,115072
"016 가구","소계",10 모바일쇼핑,105397,122186,137752,117279,118222,119363,126482,136077,135835,137353,145819,132574,159155,152372,174549,165191,163161,153625,159115,157881,158782,193892,192546,181287,187910,184617,205141,189071,186633,180435,173145,186216,199190,223859,223689,219652,212586,259379,305747,276478,277223,274706,263192,288493,316171,318062,312666,344516,345018,319350,361103,321435,317959,307447,308786,312611,313366,332330,329856,351067,326519,353892,359164,310188,315342,312650,302640,324265,304149,318457,318303,306648,310832,334690,348611,309842,327885,313904,326719,331956,308599,349831,362787,346780,373868,376391,397696,358382,359583,347711,341036,341028,328872,368976,374372,351816,354034,394620
"017 애완용품","소계",00 계,53096,62005,65265,59383,56112,56092,58500,60590,66077,64491,72675,62280,72178,60944,68634,70338,69233,75126,75847,71481,66227,69666,68301,68077,72818,65332,73144,75924,77463,77825,77944,77351,82670,88768,86415,87025,114253,116642,126326,126422,126839,128447,138220,136638,139446,144256,145601,160729,158243,138320,158226,155935,158686,159458,165141,169974,165238,175109,174413,184107,177540,168644,187743,178635,187179,188369,188363,200606,192670,196331,200675,206586,206743,190844,213850,203800,217195,215490,218922,226226,211256,228741,226142,230053,230310,211346,229359,225028,232188,228532,235792,237110,224097,240221,240271,246408,238219,225451
"017 애완용품","소계",20 인터넷쇼핑,22849,24296,25187,23609,22937,22732,22569,23065,24325,22728,25677,23206,24538,20227,22960,22363,22195,23474,21873,21450,18168,21100,19750,19851,20185,19901,21791,24066,24044,22063,22177,21988,25333,25295,23474,24735,26134,26502,29056,30436,28951,30076,31989,30187,30765,32149,33422,35220,32380,28542,33127,32268,31206,31730,32936,33839,30591,35561,35331,34234,33967,27694,30318,28803,31063,30221,28821,33049,30289,38918,39102,40773,40113,38620,42823,39999,42608,43452,41278,44821,39766,44600,44434,42489,43636,39378,41935,41278,42075,42436,43113,44976,39933,44955,46951,45907,38591,42554
"017 애완용품","소계",10 모바일쇼핑,30247,37709,40078,35774,33175,33360,35931,37525,41752,41763,46998,39074,47640,40717,45674,47974,47039,51652,53975,50031,48060,48566,48551,48227,52633,45431,51353,51858,53419,55761,55767,55364,57337,63472,62941,62290,88118,90140,97271,95985,97888,98370,106231,106451,108682,112108,112179,125510,125863,109777,125099,123666,127480,127728,132206,136135,134647,139547,139082,149873,143573,140951,157424,149831,156115,158147,159542,167557,162380,157413,161573,165813,166631,152224,171027,163801,174586,172038,177644,181405,171490,184141,181707,187564,186673,171968,187423,183750,190113,186095,192679,192134,184164,195266,193320,200501,199629,182896
"018 여행 및 교통서비스","소계",00 계,1215463,1110440,1072596,1134841,1181895,1210908,1379402,1406339,1222948,1207513,1157662,1278343,1491434,1246049,1264187,1320458,1429210,1413924,1568131,1560063,1265599,1329206,1296434,1396719,1538638,1417432,1379761,1395058,1489894,1483712,1651491,1692768,1370146,1486653,1497585,1619104,1404685,684536,358058,439688,550677,582768,782008,780715,546396,678812,684439,469642,496568,569669,612314,690807,771440,789307,789194,787989,759768,889575,981279,967224,933931,781192,921597,1297918,1514222,1509874,1673687,1713992,1502390,1633307,1575596,1758769,2201506,2122658,2160996,2235924,2554573,2435220,2664658,2692875,2560574,2588657,2496891,2677493,2769726,2572507,2571886,2557730,2863538,2613285,2836006,2867924,2586942,2798515,2629697,2796952,2912741,2645831
"018 여행 및 교통서비스","소계",20 인터넷쇼핑,603688,552472,510654,534384,574594,605089,643280,645755,538530,549027,518560,522992,685630,548038,569662,588518,632925,627024,668379,650988,515727,586580,548742,572556,634258,587030,581118,586949,614613,612674,657421,658142,533192,598342,607963,641388,456795,222219,101944,90801,108884,117662,157901,160661,104505,146471,149213,90366,89120,117466,126601,161947,177072,178431,188267,188488,179342,204380,251920,223718,208205,186689,255814,395581,465903,470423,499276,494988,457514,493918,451186,499580,585222,591872,567625,583974,723040,668743,722519,752046,728776,743006,665304,710319,773716,701576,680475,677682,800382,658211,742912,717371,690454,769991,687497,736985,847253,751384
"018 여행 및 교통서비스","소계",10 모바일쇼핑,611775,557968,561942,600457,607302,605819,736121,760584,684418,658486,639102,755350,805804,698011,694525,731940,796285,786901,899752,909075,749872,742626,747692,824163,904380,830402,798643,808109,875280,871038,994070,1034627,836955,888311,889622,977716,947890,462317,256114,348887,441793,465106,624106,620054,441892,532341,535226,379276,407448,452203,485713,528860,594368,610876,600927,599501,580426,685194,729359,743506,725726,594503,665783,902337,1048319,1039451,1174411,1219004,1044876,1139389,1124410,1259188,1616284,1530786,1593371,1651950,1831532,1766477,1942139,1940830,1831798,1845651,1831587,1967174,1996010,1870931,1891412,1880048,2063156,1955075,2093094,2150553,1896488,2028523,1942200,2059967,2065487,1894447
"019 문화 및 레저서비스","소계",00 계,164254,123892,138133,119599,133785,144311,151647,184883,127031,179505,145082,207050,182387,151838,171416,164965,153740,169621,164228,213527,183281,186480,187011,196749,167713,182936,176085,200034,204178,248326,215929,220069,166651,206700,206813,184605,156501,57759,21532,30750,53435,45366,78956,58876,40800,78827,69377,7443,29029,68847,77868,76061,90443,114356,80643,90357,88810,133035,173315,133937,123433,87068,113285,167986,252642,311577,265538,245879,215216,229605,202822,235088,200077,193320,206388,221453,265027,337062,277346,294926,224672,274599,259091,252936,207577,238450,257912,262139,244528,331195,273988,292120,330225,270373,252025,201157,194858,201409
"019 문화 및 레저서비스","소계",20 인터넷쇼핑,94242,72901,88936,66084,76776,86509,82271,101624,74496,97818,65460,71778,64022,61442,96087,67870,61998,74968,63614,75356,73836,61376,73373,69403,68836,69543,73468,94922,100869,110917,93469,96812,83251,115207,88214,68436,55095,23350,7023,11059,18708,15397,27067,16459,12061,29574,30474,3484,10302,25595,28824,28977,32716,43239,29270,31005,30655,52466,71001,48321,47342,35905,52496,68769,100741,129024,93104,88123,99529,102970,86217,85344,68670,72645,86250,94969,113609,155880,106796,125694,101491,121233,115490,93422,83111,93902,119477,118459,103772,156495,113169,123722,162240,112709,100527,82985,77862,98889
"019 문화 및 레저서비스","소계",10 모바일쇼핑,70012,50991,49197,53515,57009,57802,69376,83259,52535,81688,79622,135272,118365,90396,75329,97095,91742,94653,100614,138171,109445,125104,113638,127346,98877,113392,102617,105113,103309,137409,122460,123257,83400,91494,118599,116169,101406,34409,14510,19691,34728,29968,51889,42418,28739,49254,38903,3959,18727,43253,49044,47084,57727,71117,51373,59352,58155,80569,102314,85616,76091,51164,60789,99217,151901,182553,172433,157755,115687,126635,116605,149743,131407,120675,120138,126485,151418,181182,170550,169231,123181,153365,143600,159514,124466,144548,138435,143680,140757,174700,160820,168398,167985,157664,151499,118171,116996,102521
"020 이쿠폰서비스","소계",00 계,88648,80796,90149,84933,98613,95019,91627,100868,100399,96038,124328,150210,105594,129231,139594,133138,169050,165691,171906,180791,203876,202733,239185,267753,240122,234109,257544,226798,275980,259856,282476,309178,276810,302371,369420,345362,318519,334652,361009,346568,353267,322707,356229,362136,412319,371926,417358,538489,473998,490846,498738,455679,509423,496434,499345,494683,544673,464374,523554,647950,630161,562045,601335,555143,625029,515592,589275,612826,698777,617221,743226,784783,760223,722182,764511,767869,851625,747680,723811,780787,902173,848092,865533,1007795,918021,984650,878327,876271,971972,959611,527105,438098,513749,457371,539282,587369,585627,507447
"020 이쿠폰서비스","소계",20 인터넷쇼핑,14216,11707,12277,12206,14631,16151,15604,17291,17375,16436,20237,27963,20062,20823,23768,21048,31942,34733,32188,27793,35669,34178,39540,40676,35976,26790,34335,29748,35151,33275,35781,53619,34358,35621,45788,40531,36686,36803,50540,41765,46904,43979,54142,47782,52527,52542,55372,54688,55347,51311,63979,48575,54538,59267,57813,54536,50971,44770,47554,65821,78296,73667,83337,78325,84732,68872,82958,100859,117974,112295,126376,142893,136020,160448,172657,183043,185204,170930,157670,187070,225270,204392,198966,215183,256550,269786,252304,269344,271371,253611,88981,43281,51973,62112,76180,82472,73899,74450
"020 이쿠폰서비스","소계",10 모바일쇼핑,74432,69089,77872,72727,83982,78868,76023,83577,83024,79602,104091,122247,85532,108408,115826,112090,137108,130958,139718,152998,168207,168555,199645,227077,204146,207319,223209,197050,240829,226581,246695,255559,242452,266750,323632,304831,281833,297849,310469,304803,306363,278728,302087,314354,359792,319384,361986,483801,418651,439535,434759,407104,454885,437167,441532,440147,493702,419604,476000,582129,551865,488378,517998,476818,540297,446720,506317,511967,580803,504926,616850,641890,624203,561734,591854,584826,666421,576750,566141,593717,676903,643700,666567,792612,661471,714864,626023,606927,700601,706000,438124,394817,461776,395259,463102,504897,511728,432997
"021 음식서비스","소계",00 계,183355,173924,192095,196543,210565,195630,224624,253760,239118,242774,280640,339540,347457,324245,361763,365956,389395,413053,456927,496930,463750,502456,510496,630349,621909,614963,694509,686320,742382,774478,828915,917005,854892,913722,1026981,1059286,1063619,1135181,1252296,1263001,1320810,1253492,1378784,1677419,1604224,1546882,1643228,2198156,2166392,1946770,2111977,2134902,2341267,2196562,2658286,2724855,2491988,2597120,2407270,2883123,2848017,2697750,2879687,2529266,2504692,2498293,2723237,2711651,2406359,2577341,2497013,2763626,2687432,2451832,2558584,2550159,2647986,2592212,2856913,2883247,2651956,2738521,2703046,3050324,2913807,2792580,2936098,2799651,3014388,3031726,3210159,3429586,3135710,3140284,3075075,3510051,3439164,3097079
"021 음식서비스","소계",20 인터넷쇼핑,32810,28759,30493,30273,31139,25541,27301,34667,30106,32224,34430,40576,37792,35445,35896,47587,33475,38204,41490,43611,40102,41489,42091,52591,53351,48759,54675,49084,49857,52192,55648,59450,55127,59150,61128,67608,66559,69058,72457,77618,88284,68439,73213,84744,74261,68510,70275,87035,67562,60117,59810,53982,57461,51466,59661,58061,59192,55321,45502,54361,51266,49522,49492,43815,44575,39867,43126,42626,36595,37986,36591,40575,39623,35324,37550,37861,37653,35505,38771,38113,34447,36297,34868,38726,35438,33504,34043,30912,31515,31978,34094,35529,32221,32499,30898,35015,32166,28433
"021 음식서비스","소계",10 모바일쇼핑,150546,145165,161602,166271,179426,170090,197324,219093,209012,210551,246210,298964,309665,288800,325867,318369,355920,374849,415437,453319,423648,460967,468405,577758,568558,566204,639833,637236,692525,722286,773268,857555,799765,854572,965853,991679,997060,1066123,1179839,1185383,1232526,1185053,1305571,1592675,1529963,1478372,1572953,2111121,2098830,1886653,2052167,2080920,2283806,2145096,2598625,2666794,2432796,2541799,2361768,2828762,2796751,2648228,2830195,2485451,2460117,2458426,2680111,2669025,2369764,2539355,2460422,2723051,2647809,2416508,2521034,2512298,2610333,2556707,2818142,2845134,2617509,2702224,2668178,3011598,2878369,2759076,2902055,2768739,2982873,2999748,3176065,3394057,3103489,3107785,3044177,3475036,3406998,3068646
"022 기타서비스","소계",00 계,65597,40733,35946,53217,43491,41104,52019,52619,124287,52464,56711,56692,73143,57680,61834,62168,58382,59336,62419,62096,133184,75523,75220,78190,97802,77885,78986,79595,90207,87966,96756,129122,174802,121149,134574,180256,168271,157638,75497,124663,98988,104283,114718,164299,142442,161062,134682,143767,178931,181705,270543,151005,163733,194354,207668,203378,224920,142147,136609,151394,168309,179230,202627,193552,196430,207743,222615,200805,264009,202852,236925,197819,157403,148298,145906,174491,162922,162277,176305,206882,231414,189356,206381,206002,224630,196288,165136,207765,213351,209125,207227,210287,278025,255177,354385,388224,339220,333926
"022 기타서비스","소계",20 인터넷쇼핑,41810,22608,19826,21513,18357,18198,24316,21923,92102,27007,31121,31087,42361,27138,32485,28747,29079,30702,30437,28968,95345,39959,42304,43518,62056,43859,40724,42662,45501,44161,44998,58226,115446,63323,78458,93809,75099,64288,32133,49637,37734,43133,46303,62924,76210,96795,55002,68685,79824,74512,113918,63613,58345,74630,80773,76718,125469,58273,57437,65805,81181,76792,86749,80340,77519,89966,96900,83021,157004,99534,110849,102496,76993,70954,67187,77544,69670,76889,79281,97792,151010,95993,103356,109029,113186,91228,78693,102838,96398,101147,117371,100092,166448,130833,170415,213985,166383,170841
"022 기타서비스","소계",10 모바일쇼핑,23788,18125,16120,31704,25133,22907,27703,30697,32185,25456,25590,25605,30782,30542,29349,33421,29302,28634,31983,33127,37839,35564,32916,34672,35746,34027,38262,36933,44706,43805,51758,70896,59355,57826,56116,86448,93172,93350,43364,75026,61255,61150,68415,101375,66232,64267,79680,75082,99107,107192,156626,87393,105388,119724,126896,126660,99451,83875,79172,85589,87128,102439,115878,113212,118911,117777,125715,117784,107004,103319,126075,95323,80410,77343,78719,96947,93251,85388,97023,109090,80404,93363,103025,96973,111444,105061,86443,104927,116953,107978,89856,110194,111577,124344,183970,174239,172838,163085
"023 기타","소계",00 계,144492,141578,175648,163064,164517,180332,169045,179305,192273,171293,219066,273094,227959,224621,277245,221213,222905,200405,201779,202654,220440,241164,311896,313984,223939,221598,327742,195957,195838,161668,182308,203535,192953,206265,206900,213645,356840,323190,324693,258478,345233,310461,331894,384115,337233,316098,351233,366562,290585,285156,374382,300727,312544,274226,283703,262588,261694,276798,280987,330100,279701,289580,304252,294157,288946,274668,298550,298040,279356,280544,290291,321267,294192,263367,298547,311376,285003,263733,296819,302162,278243,310918,337165,308134,230578,218203,250719,261513,248212,227441,229672,213086,245118,251823,257341,255239,214610,206263
"023 기타","소계",20 인터넷쇼핑,86780,80170,97661,90639,92076,99948,93311,103067,104940,96251,105278,133830,110089,91943,129620,102789,105807,95910,95215,95804,103602,111266,142644,145458,115855,117022,205975,106440,97398,74843,84678,107102,80243,97450,97884,100009,143693,115865,130698,105643,127079,123498,124934,124467,117424,128928,138622,149869,104395,113062,146572,107097,105681,112787,115173,99717,93084,99223,100528,118920,82200,79891,88502,86962,83007,77836,86644,84085,77614,90865,93419,102391,83438,82198,95301,95994,87406,92935,100153,98979,93301,115658,109498,101963,82418,76466,86674,91197,83236,73886,81270,69974,76443,79014,83876,80215,58817,67248
"023 기타","소계",10 모바일쇼핑,57713,61409,77987,72425,72441,80383,75734,76238,87334,75041,113788,139263,117870,132678,147626,118425,117098,104495,106564,106850,116839,129898,169252,168526,108084,104577,121766,89517,98440,86824,97630,96433,112710,108815,109016,113636,213148,207325,193996,152835,218155,186963,206960,259648,219809,187170,212611,216693,186190,172094,227810,193630,206864,161439,168530,162871,168609,177575,180459,211181,197502,209689,215750,207195,205939,196832,211906,213955,201742,189679,196872,218876,210753,181168,203246,215381,197596,170797,196665,203183,184942,195260,227668,206171,148160,141738,164045,170316,164976,153555,148402,143112,168675,172809,173466,175024,155793,139016
